ato,dodf,treated_text,PROCESSO,ORGAO_LICITANTE,NUM_LICITACAO,MODALIDADE_LICITACAO,NOME_RESPONSAVEL,DATA_ESCRITO,IDENTIFICACAO_OCORRENCIA,IOB
AVISO_ANUL_REV_LICITACAO,20_13.12.2019,"AVISO DE ANULACAO PREGAO ELETRONICO (SRP) 10/2019 (EXCLUSIVO PARA ENTIDADES PREFERENCIAIS) A SECRETARIA DE ESTADO DA AGRICULTURA, ABASTECIMENTO E DESENVOLVIMENTO RURAL DO DISTRITO FEDERAL, torna publico que fica anulada a licitacao supracitada, referente ao Processo no 00070-00004102/2019-61. Objeto: Contratacao de servico de investigacao geotecnica para execucao de sondagem a percussao. Serao aproximadamente 30 (trinta) furos de sondagem a percussao, distribuidos em diversos terrenos de propriedade do Governo do Distrito Federal, visando subsidiar a elaboracao de projetos de fundacoes para edificacoes voltadas para a area rural e/ou para a manutencao dos proprios da SEAGRI, sobretudo nas Regioes Administrativas de Brazlandia, Lago Norte, Paranoa, Planaltina, Plano Piloto (Asa Norte) e Sao Sebastiao, para fins de correcao da forma de apresentacao dos precos em termo de referencia, para que seja possivel aos licitantes incluir nos precos ofertados todos os custos necessarios a execucao do servicos. EDILENE DIAS CERQUEIRA Pregoeira",00070-00004102/2019-61,"SECRETARIA DE ESTADO DA AGRICULTURA, ABASTECIMENTO E DESENVOLVIMENTO RURAL DO DISTRITO FEDERAL",10/2019,PREGAO ELETRONICO,EDILENE DIAS CERQUEIRA,,anulada,O O O B-MODALIDADE_LICITACAO I-MODALIDADE_LICITACAO O O O B-NUM_LICITACAO O O O O O O O B-ORGAO_LICITANTE I-ORGAO_LICITANTE I-ORGAO_LICITANTE I-ORGAO_LICITANTE I-ORGAO_LICITANTE I-ORGAO_LICITANTE I-ORGAO_LICITANTE I-ORGAO_LICITANTE I-ORGAO_LICITANTE I-ORGAO_LICITANTE I-ORGAO_LICITANTE I-ORGAO_LICITANTE I-ORGAO_LICITANTE O O O O O B-IDENTIFICACAO_OCORRENCIA O O O O O O O O B-PROCESSO O O O O O O O O O O O O O O O O O O O O O O O O O O O O O O O O O O O O O O O O O O O O O O O O O O O O O O O O O O O O O O O O O O O O O O O O O O O O O O O O O O O O O O O O O O O O O O O O O O O O O O O O O O O O O O O O O O O O O O O O O O B-NOME_RESPONSAVEL I-NOME_RESPONSAVEL I-NOME_RESPONSAVEL O
AVISO_ANUL_REV_LICITACAO,1_31.5.2019,"AVISO DE ANULACAO PREGAO ELETRONICO POR SRP No 05/2019 UASG UASG 926119 A Pregoeira da Central de Compras/SUAG comunica a anulacao da licitacao supracitada, por decisao do Subsecretario de Administracao Geral, Antony Araujo Couto, haja vista as impropriedades tecnicas identificadas no termo de referencia. PRISCILLA MOREIRA FALCAO FIGUEIREDO",,,05/2019 UASG UASG 926119,PREGAO ELETRONICO,PRISCILLA MOREIRA FALCAO FIGUEIREDO,,anulacao,O O O B-MODALIDADE_LICITACAO I-MODALIDADE_LICITACAO O O O B-NUM_LICITACAO I-NUM_LICITACAO I-NUM_LICITACAO I-NUM_LICITACAO O O O O O O O O B-IDENTIFICACAO_OCORRENCIA O O O O O O O O O O O O O O O O O O O O O O O O O O O B-NOME_RESPONSAVEL I-NOME_RESPONSAVEL I-NOME_RESPONSAVEL I-NOME_RESPONSAVEL
AVISO_ANUL_REV_LICITACAO,1_9.2.2018.1,"AVISO DE ANULACAO PREGAO ELETRONICO No 16/2017 SRP SRP Processo no 054.002.382/2017. O Chefe do Departamento de Saude e Assistencia ao Pessoal da Policia Militar do Distrito Federal torna publico aos interessados a ANULACAO do certame em epigrafe, inicialmente previsto para ocorrer em 23/1/2018, as 14h, por vicio de incompetencia na autorizacao do processo licitatorio. Objeto: Registro de Preco para aquisicao sicao de material farmacologico e hospitalar, conforme especificacoes e quantidades constantes tantes no Anexo I do edital. Valor estimado de R$ 11.187,75 (onze mil cento e oitenta e sete reais de setenta e cinco centavos). Informacoes: (61) 3190-8054 e dsap.sspregoes@pm.df.gov.br goes@pm.df.gov.br e dsap.sspregoes@gmail.com. Brasilia/DF, 08 de fevereiro de 2018. ROGERIO BRITO DE MIRANDA",054.002.382/2017,Policia Militar do Distrito Federal,16/2017 SRP SRP,PREGAO ELETRONICO,ROGERIO BRITO DE MIRANDA,,ANULACAO,O O B-IDENTIFICACAO_OCORRENCIA O O O B-NUM_LICITACAO I-NUM_LICITACAO I-NUM_LICITACAO O O B-PROCESSO O O O O O O O O O O O O B-ORGAO_LICITANTE I-ORGAO_LICITANTE I-ORGAO_LICITANTE I-ORGAO_LICITANTE I-ORGAO_LICITANTE O O O O O B-IDENTIFICACAO_OCORRENCIA O O O O O O O O O O O O O O O O O O O O O O O O O O O O O O O O O O O O O O O O O O O O O O O O O O O O O O O O O O O O O O O O O O O O O O O O O O O O O O O O O O O O O O O O O O O O O O O O O O O B-NOME_RESPONSAVEL I-NOME_RESPONSAVEL I-NOME_RESPONSAVEL I-NOME_RESPONSAVEL
AVISO_ANUL_REV_LICITACAO,9_10.9.2018,"AVISO DE ANULACAO PREGAO ELETRONICO SRP No 03/2017 O PREGOEIRO DA SECRETARIA DE ESTADO DE EDUCACAO DO DISTRITO FEDERAL, DERAL, em atendimento a Decisao no 3816/2018 do Tribunal de Contas do Distrito Federal, comunica a ANULACAO do PREGAO ELETRONICO SRP SRP no 03/2017, Contratacao de empresa especializada em transporte de pessoas para prestacao de servico de transporte escolar dos alunos da Rede Publica de Ensino do Distrito Federal na Regiao: ""C"" Sao Sao Sebastiao, por meio de veiculos com motorista, monitor e encarregado conforme especificacao cificacao constante deste Termo Referencia e seu ENCARTE B, nos itinerarios residenciaescola escola e vice-versa, bem como nas atividades curriculares ou extracurriculares contidas nos Projetos Politicos Pedagogicos das Instituicoes Educacionais conforme especificacoes e condicoes dicoes estabelecidas no termo de referencia constante do Anexo I do Edital, objeto do procedimento administrativo no 080.000401/2016. Os autos ficam com vistas franqueadas aos interessados, nesta Secretaria de Estado de Educacao, na SGAN 607 Projecoes ""D"" sala 309 (telefone 3901-2319), nos sites http://www.comprasnet.gov.br e http://w w w. s e . d f . g o v. b r. JOSEMAR SALVIANO DA SILVA.",080.000401/2016,SECRETARIA DE ESTADO DE EDUCACAO DO DISTRITO FEDERAL DERAL,03/2017,PREGAO ELETRONICO,JOSEMAR SALVIANO DA SILVA,,ANULACAO,O O B-IDENTIFICACAO_OCORRENCIA O O O O B-NUM_LICITACAO O O O B-ORGAO_LICITANTE I-ORGAO_LICITANTE I-ORGAO_LICITANTE I-ORGAO_LICITANTE I-ORGAO_LICITANTE I-ORGAO_LICITANTE I-ORGAO_LICITANTE I-ORGAO_LICITANTE O O O O O O O O O O O O O O O O O O O B-IDENTIFICACAO_OCORRENCIA O B-MODALIDADE_LICITACAO I-MODALIDADE_LICITACAO O O O B-NUM_LICITACAO O O O O O O O O O O O O O O O O O O O O O O O O O O O O O O O O O O O O O O O O O O O O O O O O O O O O O O O O O O O O O O O O O O O O O O O O O O O O O O O O O O O O O O O O O O O O O O O O O O O O O O B-PROCESSO O O O O O O O O O O O O O O O O O O O O O O O O O O O O O O O O O O O O O O O O O O O O O O O O O O O O O B-NOME_RESPONSAVEL I-NOME_RESPONSAVEL I-NOME_RESPONSAVEL I-NOME_RESPONSAVEL O
AVISO_ANUL_REV_LICITACAO,8_13.8.2019,"AVISO DE REVOGACAO DE LICITACAO PREGAO ELETRONICO PE No 2/2019 (UASG: 927507) A Secretaria de Estado de Justica e Cidadania do Distrito Federal, torna publico que, seguindo o interesse publico e com suporte na Manifestacao 233 da AJL, documento SEI no 26459672, revoga o Pregao Eletronico no 02/2019 objeto: Contratacao empresa especializada para prestacao de servicos graficos incluindo incluindo material e mao de obra necessaria para a execucao e acabamento dos servicos graficos, sob demanda, necessarios a realizacao da eleicao dos Conselheiros Tutelares do Distrito Federal para o Quadrienio 2020/2023, conforme condicoes e exigencias estabelecidas no Projeto Basico constante do Anexo I do Edital. Processo SEI no 00400-00023725/2019-17, Informacoes pelo telefone: (61) 3213-0712. ERONILDO DE JESUS Pregoeiro",00400-00023725/2019-17,Secretaria de Estado de Justica e Cidadania do Distrito Federal,2/2019 (UASG: 927507),PREGAO ELETRONICO,ERONILDO DE JESUS,,revoga,O O O O O B-MODALIDADE_LICITACAO I-MODALIDADE_LICITACAO O O B-NUM_LICITACAO I-NUM_LICITACAO I-NUM_LICITACAO I-NUM_LICITACAO I-NUM_LICITACAO I-NUM_LICITACAO O B-ORGAO_LICITANTE I-ORGAO_LICITANTE I-ORGAO_LICITANTE I-ORGAO_LICITANTE I-ORGAO_LICITANTE I-ORGAO_LICITANTE I-ORGAO_LICITANTE I-ORGAO_LICITANTE I-ORGAO_LICITANTE I-ORGAO_LICITANTE O O O O O O O O O O O O O O O O O O O O O O O B-IDENTIFICACAO_OCORRENCIA O O O O O O O O O O O O O O O O O O O O O O O O O O O O O O O O O O O O O O O O O O O O O O O O O O O O O O O O O O O O O O O O O O O O O B-PROCESSO O O O O O O O O O O B-NOME_RESPONSAVEL I-NOME_RESPONSAVEL I-NOME_RESPONSAVEL O
AVISO_ANUL_REV_LICITACAO,11_30.10.2019,"AVISO DE REVOGACAO DE LICITACAO A Caesb torna publico que o Pregao Eletronico PE No 221/2019, processo no 092.000207/2019, realizado no site: www.comprasnet.gov.br (UASG: 974200), tipo de licitacao: menor preco, para o registro de precos para aquisicao de parafusos, arruelas, porcas e chumbadores, foi revogada por tratar-se de licitacao fracassada. NARA MAGALHAES DA SILVA Pregoeira",092.000207/2019,Caesb,221/2019,Pregao Eletronico,NARA MAGALHAES DA SILVA,,revogada,O O O O O O B-ORGAO_LICITANTE O O O O B-MODALIDADE_LICITACAO I-MODALIDADE_LICITACAO O O B-NUM_LICITACAO O O O B-PROCESSO O O O O O O O O O O O O O O O O O O O O O O O O O O O O O O O O O O O O B-IDENTIFICACAO_OCORRENCIA O O O O O O B-NOME_RESPONSAVEL I-NOME_RESPONSAVEL I-NOME_RESPONSAVEL I-NOME_RESPONSAVEL O
AVISO_ANUL_REV_LICITACAO,4_15.4.2019,"AVISO DE REVOGACAO PREGAO ELETRONICO No 08/2019 A Pregoeira responsavel pelo certame, Processo: 0052.00015532/2018-46, Objeto: Aquisicao de eletrodomesticos (bebedouro, freezer, televisor, fogao a gas GLP, fogao cooktop eletrico 4 bocas vitroceramico) destinados a diversas unidades da Policia Civil do Distrito Federal, conforme Anexo I do Edital, comunica a revogacao da licitacao supracitada, em razao do interesse publico decorrente de fato superveniente consubstanciado na homologacao de Ata de Registro de Precos do Governo do Distrito Federal para aquisicao de eletrodomesticos. Maiores informacoes na CPL/PCDF fones: 3207-4071/4046. Brasilia/DF, 12 de abril de 2019 KELLY CRISTINA CORDEIRO GUEDES",0052.00015532/2018-46,Policia Civil do Distrito Federal,08/2019,PREGAO ELETRONICO,KELLY CRISTINA CORDEIRO GUEDES,,revogacao,O O O B-MODALIDADE_LICITACAO I-MODALIDADE_LICITACAO O B-NUM_LICITACAO O O O O O O O O B-PROCESSO O O O O O O O O O O O O O O O O O O O O O O O O O O O O O O B-ORGAO_LICITANTE I-ORGAO_LICITANTE I-ORGAO_LICITANTE I-ORGAO_LICITANTE I-ORGAO_LICITANTE O O O O O O O O O B-IDENTIFICACAO_OCORRENCIA O O O O O O O O O O O O O O O O O O O O O O O O O O O O O O O O O O O O O O O O O O O O O O O B-NOME_RESPONSAVEL I-NOME_RESPONSAVEL I-NOME_RESPONSAVEL I-NOME_RESPONSAVEL
AVISO_ANUL_REV_LICITACAO,5_16.7.2019,"AVISO DE REVOGACAO DE LICITACAO PREGAO ELETRONICO No 17/2019 A Camara Legislativa do Distrito Federal informa a revogacao do certame em epigrafe, conforme decisao proferida no processo no 001-000631/2019, cujo objeto e o Registro de Preco para eventual contratacao de empresa especializada em locacao, montagem e desmontagem de gradil de contencao e placas de fechamento para a Camara Legislativa do Distrito Federal. Mais informacoes: (61) 3348-8650 e cpl@cl.df.gov.br. Brasilia/DF, 15/07/2019. Daniel Luchine Ishihara Pregoeiro. Pregoeiro.",001-000631/2019,Camara Legislativa do Distrito Federal,17/2019,PREGAO ELETRONICO,Daniel Luchine Ishihara,,revogacao,O O O O O B-MODALIDADE_LICITACAO I-MODALIDADE_LICITACAO O B-NUM_LICITACAO O B-ORGAO_LICITANTE I-ORGAO_LICITANTE I-ORGAO_LICITANTE I-ORGAO_LICITANTE I-ORGAO_LICITANTE O O B-IDENTIFICACAO_OCORRENCIA O O O O O O O O O O O B-PROCESSO O O O O O O O O O O O O O O O O O O O O O O O O O O O O O O B-ORGAO_LICITANTE I-ORGAO_LICITANTE I-ORGAO_LICITANTE I-ORGAO_LICITANTE I-ORGAO_LICITANTE O O O O O O O O O O O O O O O O O B-NOME_RESPONSAVEL I-NOME_RESPONSAVEL I-NOME_RESPONSAVEL O O O O
AVISO_ANUL_REV_LICITACAO,5_16.7.2019,"AVISO DE REVOGACAO PREGAO ELETRONICO No 35/2019 Objeto: aquisicao de material de consumo CBUQ CBUQ concreto concreto betuminoso usinado a quente faixa faixa c, conforme especificacoes e condicoes no anexo I do edital, Processo SEI no 0011 3 . 0 0 0 1 3 8 8 2 / 2 0 1 9 2 2 3 . Revogada a licitacao acima, conforme fundamentacao nos autos do processo. Brasilia/DF, 15 de julho de 2019. CELIA MARIA SIQUEIRA LEAL Diretora",0011 3 . 0 0 0 1 3 8 8 2 / 2 0 1 9 2 2 3,,35/2019,PREGAO ELETRONICO,CELIA MARIA SIQUEIRA LEAL,,Revogada,O O O B-MODALIDADE_LICITACAO I-MODALIDADE_LICITACAO O B-NUM_LICITACAO O O O O O O O O O O O O O O O O O O O O O O O O O O O O O O O O B-PROCESSO I-PROCESSO I-PROCESSO I-PROCESSO I-PROCESSO I-PROCESSO I-PROCESSO I-PROCESSO I-PROCESSO I-PROCESSO I-PROCESSO I-PROCESSO I-PROCESSO I-PROCESSO I-PROCESSO I-PROCESSO I-PROCESSO I-PROCESSO I-PROCESSO O B-IDENTIFICACAO_OCORRENCIA O O O O O O O O O O O O O O O O O O O B-NOME_RESPONSAVEL I-NOME_RESPONSAVEL I-NOME_RESPONSAVEL I-NOME_RESPONSAVEL O
AVISO_ANUL_REV_LICITACAO,5_16.7.2019,"AVISO DE REVOGACAO Comunicamos aos interessados na Concorrencia no 010/2017 ASCAL/PRES ASCAL/PRES do do tipo menor preco unitario para para execucao de drenagem pluvial e pavimentacao asfaltica, intertravada e execucao de meiofio fio no Setor de Habitacoes Coletivas Noroeste Parque Parque Burle Marx, em Brasilia DF, DF, que a mesma fica revogada por conveniencia administrativa, conforme fundamentado nos autos do processo no 112.000.935/2017. Data da ultima publicacao no DODF no 75, de 19 de abril de 2017, pagina 37. Para maiores informacoes ligar para o telefone (0xx61) 3403-2321 ou (0xx61) 3403-2322. Brasilia/DF, 15 de julho de 2019. DELCIMAR PIRES MARTINS Chefe da ASCAL/PRES",112.000.935/2017,,010/2017 ASCAL/PRES ASCAL/PRES,Concorrencia,DELCIMAR PIRES MARTINS,19 de abril de 2017,revogada,O O O O O O O B-MODALIDADE_LICITACAO O B-NUM_LICITACAO I-NUM_LICITACAO I-NUM_LICITACAO O O O O O O O O O O O O O O O O O O O O O O O O O O O O O O O O O O O O O O O O O O O B-IDENTIFICACAO_OCORRENCIA O O O O O O O O O O O B-PROCESSO O O O O O O O O O O O B-DATA_ESCRITO I-DATA_ESCRITO I-DATA_ESCRITO I-DATA_ESCRITO I-DATA_ESCRITO O O O O O O O O O O O O O O O O O O O O O O O O O O O O O B-NOME_RESPONSAVEL I-NOME_RESPONSAVEL I-NOME_RESPONSAVEL O O O
AVISO_ANUL_REV_LICITACAO,5_16.7.2019,"AVISOS DE REVOGACAO LICITACAO No 001-P01013/2018 A CEB Distribuicao S/A, por meio da Comissao Permanente de Licitacao CPL, CPL, localizada no SIA Setor de Areas Publicas, Lote C, Bloco H, CEB Brasilia-DF, Brasilia-DF, torna publico que fica revogada a licitacao em epigrafe, relativa a CONTRATACAO DE OBRAS DE IMPLANTACAO DA LINHA AEREA DE DISTRIBUICAO EM 138kV ITAPOA x SOBRADINHO TRANSMISSAO. Demais informacoes, no horario das 8h as 12h e das 14h as 17h ou por meio dos telefones: 34659012/9287. 9012/9287. Brasilia/DF, 12 de julho de 2019 MARCELO ANDRADE CRUZ Presidente da Comissao",,CEB Distribuicao S/A,001-P01013/2018,,MARCELO ANDRADE CRUZ,,revogada,O O O O O B-NUM_LICITACAO O B-ORGAO_LICITANTE I-ORGAO_LICITANTE I-ORGAO_LICITANTE O O O O O O O O O O O O O O O O O O O O O O O O O O B-ORGAO_LICITANTE O O O O O O O O B-IDENTIFICACAO_OCORRENCIA O O O O O O O O O O O O O O O O O O O O O O O O O O O O O O O O O O O O O O O O O O O O O O O O O O O O O O O B-NOME_RESPONSAVEL I-NOME_RESPONSAVEL I-NOME_RESPONSAVEL O O O
AVISO_ANUL_REV_LICITACAO,15_28.11.2019,"AVISO DE REVOGACAO LICITACAO PUBLICA NACIONAL LPN LPN 011/2019 A Caesb, no ambito de seu Programa de Saneamento Ambiental, financiado pelo Banco Interamericano de Desenvolvimento BID, BID, torna publico que a Licitacao Publica Nacional LPN LPN 011/2019, processo no 092.005465/2019, para execucao das Obras de Setorizacao e Adequacao de Redes nas localidades da Asa Sul, Cruzeiro, Asa Norte e Jardim Botanico, incluindo o fornecimento e Instalacao do Novo Booster, foi revogada por conveniencia administrativa. GILMAR PERES MONTEIRO Presidente da Comissao",092.005465/2019,Caesb,011/2019,LICITACAO PUBLICA NACIONAL,GILMAR PERES MONTEIRO,,revogada,O O O B-MODALIDADE_LICITACAO I-MODALIDADE_LICITACAO I-MODALIDADE_LICITACAO O O B-NUM_LICITACAO O B-ORGAO_LICITANTE O O O O O O O O O O O O O O O O O O O O O O O O O O O O O B-NUM_LICITACAO O O O B-PROCESSO O O O O O O O O O O O O O O O O O O O O O O O O O O O O O O O O O O O B-IDENTIFICACAO_OCORRENCIA O O O O B-NOME_RESPONSAVEL I-NOME_RESPONSAVEL I-NOME_RESPONSAVEL O O O
AVISO_ANUL_REV_LICITACAO,6_24.7.2019,"AVISO DE ANULACAO PREGAO ELETRONICO No 10/2019 PROCESSO: 00053-00009769/2019-41/CBMDF. TIPO: Menor preco. OBJETO: Aquisicao de microscopio reto trinocular para realizacao das analises laboratoriais para o CBMDF. O DICOA informa a ANULACAO do certame, em razao da existencia de vicios insanaveis no certame. Esta aberto o prazo recursal na forma do Art. 109, I, ""c"", da Lei 8.666/1993. Inf.: (61) 3901-3481. Marcelo Teixeira Dantas.",00053-00009769/2019-41,CBMDF,10/2019,PREGAO ELETRONICO,Marcelo Teixeira Dantas,,ANULACAO,O O B-IDENTIFICACAO_OCORRENCIA O O O B-NUM_LICITACAO O O O O O O O O O O O O O O O O O O O O O O O B-ORGAO_LICITANTE O O O O O B-IDENTIFICACAO_OCORRENCIA O O O O O O O O O O O O O O O O O O O O O O O O O O O O O O O O O O O O O O O O O O O B-NOME_RESPONSAVEL I-NOME_RESPONSAVEL I-NOME_RESPONSAVEL O
AVISO_ANUL_REV_LICITACAO,7_2.8.2019,"AVISO DE REVOGACAO PREGAO ELETRONICO No 123/2019 UASG UASG 926119 A Pregoeira da Central de Compras torna publico aos interessados que, o procedimento licitatorio para contratacao de empresa especializada para a Operacao Logistica da cadeia de suprimentos, conforme especificacoes e quantitativos constantes no Anexo I do Edital, restou REVOGADO, nos termos do Processo no 00060-00123066/2018-91 e Art. 49 da Lei 8.666/93, por decisao prolatada pelo Subsecretario de Administracao Geral, Antony Araujo Couto, e pelo Secretario de Estado de Saude, Osnei Okumoto, para atender as necessidades e demandas exigidas para o sistema de operacao logistica desta Pasta, bem como para conclusao de mapeamento da Cadeia de Suprimentos. MERITA SIMIONE BORGES",00060-00123066/2018-91,,123/2019 UASG UASG 926119,PREGAO ELETRONICO,MERITA SIMIONE BORGES,,REVOGADO,O O O B-MODALIDADE_LICITACAO I-MODALIDADE_LICITACAO O B-NUM_LICITACAO I-NUM_LICITACAO I-NUM_LICITACAO I-NUM_LICITACAO O O O O O O O O O O O O O O O O O O O O O O O O O O O O O O O O O O O O O O O O O B-IDENTIFICACAO_OCORRENCIA O O O O O O B-PROCESSO O O O O O O O O O O O O O O O O O O O O O O O O O O O O O O O O O O O O O O O O O O O O O O O O O O O O O O O O O O O B-NOME_RESPONSAVEL I-NOME_RESPONSAVEL I-NOME_RESPONSAVEL
AVISO_ANUL_REV_LICITACAO,7_2.8.2019,"AVISO DE REVOGACAO PREGAO ELETRONICO No 14/2019 PROCESSO: 0052.002.099/2016. OBJETO: Contratacao de servicos de solucao de impressao, copia e digitalizacao a fim de atender necessidades gerais e especificas das unidades policiais da PCDF. TIPO: Menor Preco. O ordenador de despesas da PCDF, de acordo com o artigo 109 1o da lei de licitacoes, torna publico aos licitantes e demais interessados que o certame supracitado foi revogado, devido a ocorrencia de falhas operacionais no Sistema COMPRASNET durante o tempo aleatorio para lances, com possibilidade de cerceamento da competitividade entre os licitantes, conforme decisao fundamentada no art. 49, caput, assegurado o prazo previsto no art. 109, inciso I, c, da Lei no 8.666/93. A integra do documento esta disponivel no site www.pcdf.df.gov.br, link licitacoes. Maiores informacoes na CPL/PCDF fones: 3207-4071/4046. Brasilia/DF, 1o de agosto de 2019. SILVERIO ANTONIO MOITA DE ANDRADE Diretor",0052.002.099/2016,PCDF,14/2019,PREGAO ELETRONICO,SILVERIO ANTONIO MOITA DE ANDRADE,,revogado,O O O B-MODALIDADE_LICITACAO I-MODALIDADE_LICITACAO O B-NUM_LICITACAO O O B-PROCESSO O O O O O O O O O O O O O O O O O O O O O O O O O O B-ORGAO_LICITANTE O O O O O O O O O O O B-ORGAO_LICITANTE O O O O O O O O O O O O O O O O O O O O O O O O O B-IDENTIFICACAO_OCORRENCIA O O O O O O O O O O O O O O O O O O O O O O O O O O O O O O O O O O O O O O O O O O O O O O O O O O O O O O O O O O O O O O O O O O O O O O O O O O O O O O O O O O O O O B-NOME_RESPONSAVEL I-NOME_RESPONSAVEL I-NOME_RESPONSAVEL I-NOME_RESPONSAVEL I-NOME_RESPONSAVEL O
AVISO_ANUL_REV_LICITACAO,211_193.9.10.2019,"AVISO DE REVOGACAO PREGAO ELETRONICO No 150/2018 SRP SRP UASG UASG 925041 Processo: 00410-00008137-27 SEEC/DF. SEEC/DF. O pregoeiro comunica que o pregao acima citado foi revogado, com fulcro no art. 49 da Lei Federal n. o 8.666/93 e na Nota Tecnica no 27/2019 AJL, AJL, acolhido pela Autoridade competente, devidamente fundamentado e constante dos autos. Maiores Informacoes: Coordenacoes de Licitacoes COLIC/SEEC COLIC/SEEC DF, DF, telefone: 0xx(61) 3313-8494. Brasilia/DF, 08 de outubro de 2019. EDSON DE SOUZA Coordenador",00410-00008137-27,SEEC/DF,150/2018,PREGAO ELETRONICO,EDSON DE SOUZA,,revogado,O O O B-MODALIDADE_LICITACAO I-MODALIDADE_LICITACAO O B-NUM_LICITACAO O O O O O O O B-PROCESSO O O B-ORGAO_LICITANTE O O O O O O O O O O B-IDENTIFICACAO_OCORRENCIA O O O O O O O O O O O O O O O O O O O O O O O O O O O O O O O O O O O O O O O O O O O O O O O O O O O O O O O O O O O O O O O B-NOME_RESPONSAVEL I-NOME_RESPONSAVEL I-NOME_RESPONSAVEL O
AVISO_ANUL_REV_LICITACAO,25_27.12.2018,"AVISO DE REVOGACAO EDITAL DE CONCORRENCIA N 12/2018 CRIXA CRIXA A Comissao Permanente de Licitacao CPL/CODHAB CPL/CODHAB comunica aos interessados que o DiretorPresidente/CODHAB Presidente/CODHAB decidiu revogar o Edital de Concorrencia n 12/2018, processo n.o 0392-0003741/201869 69 cujo objeto e a contratacao de empresa para a execucao das obras de implantacao de infraestrutura externa (sistemas de abastecimento de agua potavel e esgotamento sanitario, Drenagem e pavimentacao) ao empreendimento situado no Bairro Crixas em Sao Sebastiao, uma vez que o objeto nao mais atende suas necessidades atuais, consubstanciando sua decisao no Despacho SEI-GDF CODHAB/PRESI/CPL devidamente fundamentado na Despacho SEI-GDF CODHAB/PRESI/SECEX e com fulcro no caput do art. 49 da Lei 8.666/93 e Sumula 473 do STF, estando o processo a disposicao no Portal de Sistema Eletronico de Informacoes SEI. SEI. Fica assegurado o direito a ampla defesa e ao contraditorio, nos termos do 3o, art. 49 c/c a alinea ""c"", inciso I do art. 109, da citada Lei. Transcorrido o prazo concedido para a ampla defesa e o contraditorio sem manifestacao o ato da Revogacao restara consumado. Brasilia/DF, 26 de dezembro de 2018 GILSON PARANHOS D i r e t o rP P r e s i d e n t e",0392-0003741/201869 69,,12/2018,Concorrencia,GILSON PARANHOS,,revogar,O O O O O O O B-NUM_LICITACAO O O O O O O O O O O O O O O O O O B-IDENTIFICACAO_OCORRENCIA O O O B-MODALIDADE_LICITACAO O B-NUM_LICITACAO O O O B-PROCESSO I-PROCESSO O O O O O O O O O O O O O O O O O O O O O O O O O O O O O O O O O O O O O O O O O O O O O O O O O O O O O O O O O O O O O O O O O O O O O O O O O O O O O O O O O O O O O O O O O O O O O O O O O O O O O O O O O O O O O O O O O O O O O O O O O O O O O O O O O O O O O O O O O O O O O O O O O O O O O O O O O O O O O O O O O O O O O B-NOME_RESPONSAVEL I-NOME_RESPONSAVEL O O O O O O O O O O O O O O O O O
AVISO_ANUL_REV_LICITACAO,10_11.10.2019,"AVISO DE ANULACAO PREGAO ELETRONICO No 37/2019 Processo No 00053-00050726/2019-41/CBMDF. TIPO: Menor preco. OBJETO: Contratacao de empresa especializada para realizar servicos continuados de manutencao, reparo e reposicao de pecas e fluidos originais dos equipamentos e aparelhos odontologicos da Policlinica Odontologica do CBMDF, conforme especificacoes e condicoes estabelecidas no Termo de Referencia constante do Anexo I do Edital. O DICOA informa a ANULACAO do item 6.8 do edital; do item 5.8 do termo de referencia; da tabela do item 5.6 do termo de referencia e a fase externa da licitacao do pregao em epigrafe, com fulcro no item 16.6 do edital c/c, art. 49 da Lei no 8.666/1993, art. 29 do Decreto no 5.450/2005 e art. 53 da Lei no 9.784/1999, em razao da existencia de vicios insanaveis no certame conforme aponta o Relatorio de Analise do Pregoeiro. Visto o art. 109, I, ""c"", da Lei 8.666/1993, fica aberto o prazo recursal de 5 (cinco) dias uteis. Inf.: (61) 3901-3481. MARCELO TEIXEIRA DANTAS Diretor",00053-00050726/2019-41,CBMDF,37/2019,PREGAO ELETRONICO,MARCELO TEIXEIRA DANTAS,,ANULACAO,O O B-IDENTIFICACAO_OCORRENCIA O O O B-NUM_LICITACAO O O O O O O O O O O O O O O O O O O O O O O O O O O O O O O O O O O O O O O O B-ORGAO_LICITANTE O O O O O O O O O O O O O O O O O O O O O B-IDENTIFICACAO_OCORRENCIA O O O O O O O O O O O O O O O O O O O O O O O O O O O O O O O O O O O O O O O O O O O O O O O O O O O O O O O O O O O O O O O O O O O O O O O O O O O O O O O O O O O O O O O O O O O O O O O O O O O O O O O O O O O O O O O O O O O O O O O O O O B-NOME_RESPONSAVEL I-NOME_RESPONSAVEL I-NOME_RESPONSAVEL O
AVISO_ANUL_REV_LICITACAO,637,"AVISO DE ANULAÇÃO DO PREGÃO ELETRÔNICO SRP Nº 07/2021 O DIRETOR-PRESIDENTE DA COMPANHIA DE DESENVOLVIMENTO HABITACIONAL DO DISTRITO FEDERAL, comunica aos interessados a ANULAÇÃO do Pregão Eletrônico nº 07/2021, cujo objeto trata de contratação de empresa ou consórcio de empresas para prestação de serviços técnicos para a elaboração de estudos e projetos para regularização fundiária e urbana da Área de Interesse Social ARIS ARIS Sol Nascente, para atender a Companhia de Desenvolvimento Habitacional do Distrito Federal CODHAB/DF, conforme descrito no Anexo I do Edital, referente ao processo 00392-00007567/2021-29 Destaque-se que está disponível no sistema Comprasnet o evento de Anulação do certame em 16/02/2022, como procedimento para atendimento da Decisão 152/2022 TCDF. Brasília/DF, 15 de fevereiro de 2022 WELLINGTON LUIZ",00392-00007567/2021-29,Companhia de Desenvolvimento Habitacional do Distrito Federal,07/2021,Pregão Eletrônico,WELLINGTON LUIZ,15 de fevereiro de 2022,ANULAÇÃO,O O B-IDENTIFICACAO_OCORRENCIA O O O O O B-NUM_LICITACAO O O O O O O O O O O O O O O O B-IDENTIFICACAO_OCORRENCIA O B-MODALIDADE_LICITACAO I-MODALIDADE_LICITACAO O B-NUM_LICITACAO O O O O O O O O O O O O O O O O O O O O O O O O O O O O O O O O O O O O O O O O O O B-ORGAO_LICITANTE I-ORGAO_LICITANTE I-ORGAO_LICITANTE I-ORGAO_LICITANTE I-ORGAO_LICITANTE I-ORGAO_LICITANTE I-ORGAO_LICITANTE O O O O O O O O O O O O O B-PROCESSO O O O O O O O O O O O O O O O O O O O O O O O O O O O B-DATA_ESCRITO I-DATA_ESCRITO I-DATA_ESCRITO I-DATA_ESCRITO I-DATA_ESCRITO B-NOME_RESPONSAVEL I-NOME_RESPONSAVEL
AVISO_ANUL_REV_LICITACAO,637,"AVISO DE ANULAÇÃO DA LICITAÇÃO CONCORRÊNCIA Nº 01/20121 A Companhia de Desenvolvimento Habitacional do Distrito Federal CODHAB/DF, no uso de suas atribuições, torna público o Aviso de anulação da Concorrência 01/2021 PROCESSO PROCESSO SEI Nº 00392-00014723/2020-27, que tem por objeto a promoção de empreendimentos habitacionais por meio da produção e comercialização de Unidades Habitacionais a serem disponibilizadas ao cadastro de habitação, em terrenos de propriedade da CODHAB localizadas em Santa Maria RA XIII, em atendimento à política habitacional do Governo do Distrito Federal, de acordo com as especificações e quantitativos contidos no Projeto Básico constante do Anexo I do Edital, conforme após a aprovação da Súmula SEI-GDF CODHAB/PRESI/DIPRO n.º 26/2021 (67797043), pela Diretoria Executiva da CODHAB, em 23 de agosto de 2021 e solicitação da área demandante no Despacho CODHAB/PRESI/DIPRO/GEPHAB (72810303). Brasília/DF, 26 de outubro de 2021. FERNANDA VITORINO Presidente da Comissão",00392-00014723/2020-27,Companhia de Desenvolvimento Habitacional do Distrito Federal CODHAB/DF,01/2021,Concorrência,FERNANDA VITORINO,26 de outubro de 2021,anulação,O O O O O O O O O B-ORGAO_LICITANTE I-ORGAO_LICITANTE I-ORGAO_LICITANTE I-ORGAO_LICITANTE I-ORGAO_LICITANTE I-ORGAO_LICITANTE I-ORGAO_LICITANTE I-ORGAO_LICITANTE O O O O O O O O O O O O B-IDENTIFICACAO_OCORRENCIA O B-MODALIDADE_LICITACAO O O O O O B-PROCESSO O O O O O O O O O O O O O O O O O O O O O O O O O O O O O O O O O O O O O O O O O O O O O O O O O O O O O O O O O O O O O O O O O O O O O O O O O O O O O O O O O O O O O O O O O O O O O O O O O O O O O O O O O O O O O B-DATA_ESCRITO I-DATA_ESCRITO I-DATA_ESCRITO I-DATA_ESCRITO I-DATA_ESCRITO O B-NOME_RESPONSAVEL I-NOME_RESPONSAVEL O O O
AVISO_ANUL_REV_LICITACAO,637,"AVISO DE REVOGAÇÃO PREGÃO ELETRÔNICO Nº 56/2021 A presente licitação tem por objeto a aquisição de material permanente aquisição aquisição de equipamentos para aparelhamento/substituição/melhoramento do Laboratório de Solos (NULSO) do Departamento de Estradas de Rodagem do Distrito Federal (DER/DF), tudo conforme especificado no Edital e em seus anexos. Processo 00113-00005906/2021-95. Fica revogada, fundamentação nos autos do processo. Brasília/DF, 29 de julho de 2021 ANA HILDA DO CARMO SILVA Diretora",00113-00005906/2021-95,Departamento de Estradas de Rodagem do Distrito Federal (DER/DF),56/2021,PREGÃO ELETRÔNICO,ANA HILDA DO CARMO SILVA,29 de julho de 2021,revogada,O O O B-MODALIDADE_LICITACAO I-MODALIDADE_LICITACAO O B-NUM_LICITACAO O O O O O O O O O O O O O O O O O O O O O O O O O B-ORGAO_LICITANTE I-ORGAO_LICITANTE I-ORGAO_LICITANTE I-ORGAO_LICITANTE I-ORGAO_LICITANTE I-ORGAO_LICITANTE I-ORGAO_LICITANTE I-ORGAO_LICITANTE I-ORGAO_LICITANTE I-ORGAO_LICITANTE I-ORGAO_LICITANTE O O O O O O O O O O O O B-PROCESSO O O B-IDENTIFICACAO_OCORRENCIA O O O O O O O O O B-DATA_ESCRITO I-DATA_ESCRITO I-DATA_ESCRITO I-DATA_ESCRITO I-DATA_ESCRITO B-NOME_RESPONSAVEL I-NOME_RESPONSAVEL I-NOME_RESPONSAVEL I-NOME_RESPONSAVEL I-NOME_RESPONSAVEL O
AVISO_ANUL_REV_LICITACAO,629,"AVISO DE ANULAÇÃO DE LICITAÇÃO PREGÃO ELETRÔNICO Nº 32/2021 Processo: 00050-00037099/2020-71. TIPO: Menor Preço. MODO DE DISPUTA: Aberto. OBJETO: Registro de Preço para futura aquisição de equipamentos de Tecnologia da Informação e Comunicação (TIC) objetivando a aquisição de Solução de Firewalls, envolvendo a prestação dos serviços de instalação, configuração, suporte técnico, manutenção e treinamento composto de operação assistida e tutela técnica para sustentação de serviços de Segurança Pública do DF. A SSP informa aos interessados no presente Certame a ANULAÇÃO do Pregão Eletrônico nº 32/2021-SSPDF, com fulcro nos termos do art. 4º, III, da Lei federal nº 10.520/2002 e art. 14, III, do Decreto federal nº 10.024/2019, bem como violação dos princípios da legalidade, do julgamento objetivo, da isonomia, da publicidade e da competitividade, estabelecidos pelo art. 37 da Constituição Federal, pelo art. 19 da Lei Orgânica do DF, e no art. 2º, do Decreto Federal nº 10.024/2019. Brasília/DF, 05 de janeiro de 2022 CELSO WAGNER LIMA Subsecretário",00050-00037099/2020-71,SSP,32/2021-SSPDF,Pregão Eletrônico,CELSO WAGNER LIMA,05 de janeiro de 2022,ANULAÇÃO,O O B-IDENTIFICACAO_OCORRENCIA O O O O O O O O B-PROCESSO O O O O O O O O O O O O O O O O O O O O O O O O O O O O O O O O O O O O O O O O O O O O O O O O O O O O O O O O O O O O O O O O O O O O O O O O O B-ORGAO_LICITANTE O O O O O O O B-IDENTIFICACAO_OCORRENCIA O B-MODALIDADE_LICITACAO I-MODALIDADE_LICITACAO O B-NUM_LICITACAO O O O O O O O O O O O O O O O O O O O O O O O O O O O O O O O O O O O O O O O O O O O O O O O O O O O O O O O O O O O O O O O O O O O O O O O O O O O O O O O O O O O O B-DATA_ESCRITO I-DATA_ESCRITO I-DATA_ESCRITO I-DATA_ESCRITO I-DATA_ESCRITO B-NOME_RESPONSAVEL I-NOME_RESPONSAVEL I-NOME_RESPONSAVEL O
AVISO_ANUL_REV_LICITACAO,629,"AVISO DE REVOGAÇÃO DE PREGÃO ELETRÔNICO Nº 04/2021 Processo: 00074-00000002/2020-97. OBJETO: Venda de madeira em pé da espécie Pinus sp, com corte e retirada do insumo no local, conforme especificações, condições e exigências estabelecidas no Edital nº 04/2021 e seus anexos. Em razão da impossibilidade de prosseguimento do certame em decorrência da falha de sistema relatada na Nota Técnica CAIXA NT_0004_2021_CEPEM NT_0004_2021_CEPEM 08_12_2021 (75803745), REVOGA-SE o Pregão Eletrônico nº 04/2021, a que se refere o Edital de Licitação 04/2021 (67386008). SALVADOR CARDOSO Pregoeiro",00074-00000002/2020-97,,04/2021,Pregão Eletrônico,SALVADOR CARDOSO,,REVOGA-SE,O O O O O O O B-NUM_LICITACAO O O B-PROCESSO O O O O O O O O O O O O O O O O O O O O O O O O O O O O O O O O B-NUM_LICITACAO O O O O O O O O O O O O O O O O O O O O O O O O O O O O O O B-IDENTIFICACAO_OCORRENCIA O B-MODALIDADE_LICITACAO I-MODALIDADE_LICITACAO O B-NUM_LICITACAO O O O O O O O O O B-NUM_LICITACAO O O O O B-NOME_RESPONSAVEL I-NOME_RESPONSAVEL O
AVISO_ANUL_REV_LICITACAO,629,"AVISO DE ANULAÇÃO PREGÃO ELETRÔNICO Nº 02/2021 UASG: UASG: 926319 A Pregoeira da Fundação de Apoio à Pesquisa do Distrito Federal, comunica a anulação do certame licitatório oriundo do Edital de Licitação do Pregão Eletrônico nº 0002/2021 SUAG/DGA/FAPDF SUAG/DGA/FAPDF EXCLUSIVO EXCLUSIVO ME/EPP. Informamos que serão feitas as devidas alterações para a continuidade dos procedimentos. Processo 00193-00000432/2021-05. Os autos ficam com vistas franqueadas aos interessados, nesta Fundação de Apoio à Pesquisa do Distrito Federal, pelo e-mail: cpl@fap.df.gov.br. Brasília/DF, 24 de setembro de 2021 MARCILENE BONFIM LEITÃO SANTANA",00193-00000432/2021-05,Fundação de Apoio à Pesquisa do Distrito Federal,0002/2021,Pregão Eletrônico,MARCILENE BONFIM LEITÃO SANTANA,24 de setembro de 2021,anulação,O O O O O O O O O O O O O O O B-ORGAO_LICITANTE I-ORGAO_LICITANTE I-ORGAO_LICITANTE I-ORGAO_LICITANTE I-ORGAO_LICITANTE I-ORGAO_LICITANTE I-ORGAO_LICITANTE I-ORGAO_LICITANTE O O O B-IDENTIFICACAO_OCORRENCIA O O O O O O O O O B-MODALIDADE_LICITACAO I-MODALIDADE_LICITACAO O B-NUM_LICITACAO O O O O O O O O O O O O O O O O O O O O B-PROCESSO O O O O O O O O O O O B-ORGAO_LICITANTE I-ORGAO_LICITANTE I-ORGAO_LICITANTE I-ORGAO_LICITANTE I-ORGAO_LICITANTE I-ORGAO_LICITANTE I-ORGAO_LICITANTE I-ORGAO_LICITANTE O O O O O O O O O O B-DATA_ESCRITO I-DATA_ESCRITO I-DATA_ESCRITO I-DATA_ESCRITO I-DATA_ESCRITO B-NOME_RESPONSAVEL I-NOME_RESPONSAVEL I-NOME_RESPONSAVEL I-NOME_RESPONSAVEL
AVISO_ANUL_REV_LICITACAO,635,"AVISO DE ANULAÇÃO PREGÃO ELETRÔNICO Nº 57/2021 Processo: 00053-00082079/2021-51. TIPO: Menor preço. OBJETO: Contratação de empresa para execução de serviço contínuo comum de operação e manutenção preventiva e corretiva nos equipamentos de climatização instalados na Policlínica Médica (POMED) e Policlínica Odontológica (PODON) do CBMDF, conforme Edital e anexos. O DICOA informa que a licitação publicada no DODF nº 206 e DOU nº 207, ambos do dia 04/11/2021, foi ANULADA em virtude da identificação de vícios insanáveis no Edital. Inf: (61) 3901-3614. HÉLIO PEREIRA LIMA Diretor",00053-00082079/2021-51,CBMDF,57/2021,PREGÃO ELETRÔNICO,HÉLIO PEREIRA LIMA,04/11/2021,ANULADA,O O O B-MODALIDADE_LICITACAO I-MODALIDADE_LICITACAO O B-NUM_LICITACAO O O B-PROCESSO O O O O O O O O O O O O O O O O O O O O O O O O O O O O O O O O O O O O O O O O O O B-ORGAO_LICITANTE O O O O O O O O O O O O O O O O O O O O O O O O O B-DATA_ESCRITO O O B-IDENTIFICACAO_OCORRENCIA O O O O O O O O O O O O O O O O O B-NOME_RESPONSAVEL I-NOME_RESPONSAVEL I-NOME_RESPONSAVEL O
AVISO_ANUL_REV_LICITACAO,636,"AVISO DE REVOGAÇÃO DE LICITAÇÃO PREGÃO ELETRÔNICO Nº 07/2021 (AMPLA CONCORRÊNCIA) O GOVERNO DO DISTRITO FEDERAL POR MEIO DA SECRETARIA DE ESTADO DA AGRICULTURA, ABASTECIMENTO E DESENVOLVIMENTO RURAL DO DISTRITO FEDERAL SEAGRI/DF torna público que, por decisão da Autoridade Competente, nos termos do art. 50, caput, do Decreto nº 10.024/2019, e art. 49, caput, da Lei nº 8.666/93, REVOGA a licitação do tipo MENOR PREÇO UNITÁRIO, na modalidade de PREGÃO na forma ELETRÔNICA, com previsão de abertura do certame para 07/07/2021, às 09h30m que se encontrava suspensa, processo 00070-00004590/2020-41(SEI). OBJETO: Aquisição de veículos do tipo furgão leve de carga para atender demandas de associações de produtores rurais do Distrito Federal, de modo a garantir o transporte de produtos da agricultura familiar até os pontos de comercialização e de insumos até as propriedades dos associados, de acordo com o detalhamento descrito no item 03, do Termo de Referência, Anexo I do Edital, com valor Total estimado em R$ 164.000,00 (cento e sessenta e quatro mil reais). O aviso do evento de revogação poderá ser retirado a partir da publicação no Portal www.comprasgovernamentais.gov.br ou no portal da SEAGRI-DF, Licitação , a partir da sua divulgação. NATANAEL FÉLIX DOS SANTOS Pregoeiro",00070-00004590/2020-41,"SECRETARIA DE ESTADO DA AGRICULTURA, ABASTECIMENTO E DESENVOLVIMENTO RURAL DO DISTRITO FEDERAL SEAGRI/DF",07/2021,PREGÃO na forma ELETRÔNICA,NATANAEL FÉLIX DOS SANTOS,,REVOGA,O O O O O B-MODALIDADE_LICITACAO O O B-NUM_LICITACAO O O O O O O O O O O O O B-ORGAO_LICITANTE I-ORGAO_LICITANTE I-ORGAO_LICITANTE I-ORGAO_LICITANTE I-ORGAO_LICITANTE I-ORGAO_LICITANTE I-ORGAO_LICITANTE I-ORGAO_LICITANTE I-ORGAO_LICITANTE I-ORGAO_LICITANTE I-ORGAO_LICITANTE I-ORGAO_LICITANTE I-ORGAO_LICITANTE I-ORGAO_LICITANTE O O O O O O O O O O O O O O O O O O O O O O O O O O O O O O O O O O O O B-IDENTIFICACAO_OCORRENCIA O O O O O O O O O O O B-MODALIDADE_LICITACAO I-MODALIDADE_LICITACAO I-MODALIDADE_LICITACAO I-MODALIDADE_LICITACAO O O O O O O O O O O O O O O O O O O B-PROCESSO O O O O O O O O O O O O O O O O O O O O O O O O O O O O O O O O O O O O O O O O O O O O O O O O O O O O O O O O O O O O O O O O O O O O O O O O O O O O O O O O O O O O O O O O O O O O O O O O O O O O O O O O O O O O O O O O O O O O O O O O B-NOME_RESPONSAVEL I-NOME_RESPONSAVEL I-NOME_RESPONSAVEL I-NOME_RESPONSAVEL O
AVISO_ANUL_REV_LICITACAO,636,"AVISO DE REVOGAÇÃO PARCIAL DE LICITAÇÃO PREGÃO ELETRÔNICO Nº 07/2021 LOTE 4 A CARTÃO BRB S.A. torna público que o Lote 4, integrante da licitação referenciada no preâmbulo, fica revogado, tendo em vista questionamento impetrado judicialmente, via Mandado de Segurança (0732084-09.2021.8.07.0001 25ª Vara Cível de Brasília). Assim, no intuito maior de pugnar pelo melhor atendimento do interesse público, bem como permitir maior competividade no âmbito do procedimento licitatório, o Lote 4 resta excluído do certame. Novo edital, específico para a alienação do imóvel de propriedade da BRBCARD, será publicado a posteriori. Quanto aos demais lotes, sobre os quais não pairaram questionamentos ou impedimentos de natureza judicial, informa-se que seus objetos restam devidamente homologados. ALMIR FRANCISCO GOMES FILHO Presidente da Comissão",,BRB S.A.,07/2021,PREGÃO ELETRÔNICO,ALMIR FRANCISCO GOMES FILHO,,revogado,O O O O O O B-MODALIDADE_LICITACAO I-MODALIDADE_LICITACAO O B-NUM_LICITACAO O O O O B-ORGAO_LICITANTE O O O O O O O O O O O O O O O O B-IDENTIFICACAO_OCORRENCIA O O O O O O O O O O O O O O O O O O O O O O O O O O O O O O O O O O O O O O O O O O O O O O O O O O O O O O O O O O O O O O O O O O O O O O O O O O O O O O O O O O O O O O O O O O O O O O O O O O B-NOME_RESPONSAVEL I-NOME_RESPONSAVEL I-NOME_RESPONSAVEL I-NOME_RESPONSAVEL O O O
AVISO_ANUL_REV_LICITACAO,636,"AVISO DE REVOGAÇÃO CONCORRÊNCIA Nº 02/2021 A COMISSÃO PERMANENTE DE LICITAÇÃO, DA SUBSECRETARIA DE ADMINISTRAÇÃO GERAL, DA SECRETARIA DE ESTADO DE EDUCAÇÃO DO DISTRITO FEDERAL, comunica aos interessados que a Subsecretaria de Administração Geral da SEDF, por interesse da administração e, baseada na justificativa apresentadas pela Subsecretaria de Infraestrutura Escolar (SEI nº 66298959), constante no processo 00080-00008717/2020-63, a Revogação da Concorrência em epígrafe. Os autos ficam com vistas franqueadas aos interessados. JAIRO PEREIRA MARTINS Presidente",00080-00008717/2020-63,SECRETARIA DE ESTADO DE EDUCAÇÃO DO DISTRITO FEDERAL,02/2021,Concorrência,JAIRO PEREIRA MARTINS,,Revogação,O O O O O B-NUM_LICITACAO O O O O O O O O O O O O O B-ORGAO_LICITANTE I-ORGAO_LICITANTE I-ORGAO_LICITANTE I-ORGAO_LICITANTE I-ORGAO_LICITANTE I-ORGAO_LICITANTE I-ORGAO_LICITANTE I-ORGAO_LICITANTE O O O O O O O O O O O O O O O O O O O O O O O O O O O O O O O O O O O O O B-PROCESSO O O B-IDENTIFICACAO_OCORRENCIA O B-MODALIDADE_LICITACAO O O O O O O O O O O O O B-NOME_RESPONSAVEL I-NOME_RESPONSAVEL I-NOME_RESPONSAVEL O
AVISO_ANUL_REV_LICITACAO,625,"AVISO DE LICITAÇÃO REFERENTE AO EDITAL Nº 07/2016 IMÓVEIS IMÓVEIS A Diretoria Colegiada da Companhia Imobiliária de Brasília TERRACAP, TERRACAP, em sua Decisão nº 570/2021-DIRET, 3569ª sessão, realizada em 13/10/2021, decidiu, em razão do pedido de desistência formulado pela licitante JR VIRGHINI EMPREENDIMENTOS IMOBILIÁRIOS LTDA (Proposta de Compra nº 5001003), pela revogação da licitação do ITEM 143 do Edital nº 07/2016, aplicando-se a penalidade de retenção do valor caucionado, pelos motivos apresentados no Relatório nº 211/2021-ADCOM. Brasília/DF, 21 de outubro de 2021 BRUNO CESAR SANTANA DE MENESES Presidente da Comissão",,TERRACAP,07/2016,,BRUNO CESAR SANTANA DE MENESES,21 de outubro de 2021,revogação,O O O O O O O B-NUM_LICITACAO O O O O O O O O O O B-ORGAO_LICITANTE O B-ORGAO_LICITANTE O O O O O O O O O O O O O O O O O O O O O O O O O O O O O O O O O O O O O O O B-IDENTIFICACAO_OCORRENCIA O O O O O O O O B-NUM_LICITACAO O O O O O O O O O O O O O O O O O O O O B-DATA_ESCRITO I-DATA_ESCRITO I-DATA_ESCRITO I-DATA_ESCRITO I-DATA_ESCRITO B-NOME_RESPONSAVEL I-NOME_RESPONSAVEL I-NOME_RESPONSAVEL I-NOME_RESPONSAVEL I-NOME_RESPONSAVEL O O O
AVISO_ANUL_REV_LICITACAO,625,"AVISO DE REVOGAÇÃO DE PREGÃO ELETRÔNICO Nº 06/2021-SRP UASG 926210 A Secretaria de Estado de Trabalho do Distrito Federal, no uso das atribuições legais, em conformidade com a Lei nº 8.666/93, Decreto nº 39.610/2019 e Decreto nº 38.362/2017, bem como a Decisão nº 3443/2021 do TCDF fundamentando sua decisão; a Nota Jurídica nº 37/2021-SETRAB/GAB/AJL e acolhida pelo Secretário de Estado de Trabalho do Distrito Federal, resolve: REVOGAR em todos os seus termos, por interesse, conveniência e oportunidade, o Pregão Eletrônico nº 006/2021, processo 04012-00003480/2020-15, cujo o objeto é o Registro de Preços para contratação de empresa especializada na prestação de serviço de qualificação profissional e atendimento em unidades móveis, incluído recursos materiais, humanos, tecnológicos e toda gestão operacional para atender à Secretaria de Estado de Trabalho do Distrito Federal SETRAB. SETRAB. Brasília/DF, 06 de outubro de 2021 EUYNDHER SANTOS DE MORAIS Pregoeiro",04012-00003480/2020-15,Secretaria de Estado de Trabalho do Distrito Federal,006/2021,Pregão Eletrônico,EUYNDHER SANTOS DE MORAIS,06 de outubro de 2021,REVOGAR,O O O O O O O O O O O B-ORGAO_LICITANTE I-ORGAO_LICITANTE I-ORGAO_LICITANTE I-ORGAO_LICITANTE I-ORGAO_LICITANTE I-ORGAO_LICITANTE I-ORGAO_LICITANTE I-ORGAO_LICITANTE O O O O O O O O O O O O O O O O O O O O O O O O O O O O O O O O O O O O O O O O O O O O O O O O O O O O O O B-IDENTIFICACAO_OCORRENCIA O O O O O O O O O O O O O O B-MODALIDADE_LICITACAO I-MODALIDADE_LICITACAO O B-NUM_LICITACAO O O B-PROCESSO O O O O O O O O O O O O O O O O O O O O O O O O O O O O O O O O O O O O O O O O O B-ORGAO_LICITANTE I-ORGAO_LICITANTE I-ORGAO_LICITANTE I-ORGAO_LICITANTE I-ORGAO_LICITANTE I-ORGAO_LICITANTE I-ORGAO_LICITANTE I-ORGAO_LICITANTE O O O O O O B-DATA_ESCRITO I-DATA_ESCRITO I-DATA_ESCRITO I-DATA_ESCRITO I-DATA_ESCRITO B-NOME_RESPONSAVEL I-NOME_RESPONSAVEL I-NOME_RESPONSAVEL I-NOME_RESPONSAVEL O
AVISO_ANUL_REV_LICITACAO,631,"AVISO DE REVOGAÇÃO DE LICITAÇÃO (*) O Presidente da Comissão de Licitação para Compra de Bens, Serviços e Obras CPLIC/TERRACAP, no uso das atribuições que lhe confere a Portaria nº 231/2021 DIRAF, DIRAF, comunica a REVOGAÇÃO do seguinte certame. Processo: 0111-002346/2016 Modalidade/número: Concorrência nº 03/2017 REVOGAÇÃO REVOGAÇÃO Objeto: Contratação da implantação das redes de esgotamento sanitário das redes públicas e condominiais para atendimento ao Trecho 2 da 1ª Etapa do Setor Habitacional Taquari SHTQ; SHTQ; Brasília/DF, 26 de agosto de 2021 GLAUBER TEODORO FARIA Presidente da Comissão __________________ (*) Republicado por ter saído com incorreção no DODF nº 164, de 30 de agosto de 2021, página 55.",0111-002346/2016,TERRACAP,03/2017,Concorrência,GLAUBER TEODORO FARIA,30 de agosto de 2021,REVOGAÇÃO,O O B-IDENTIFICACAO_OCORRENCIA O O O O O O O O O O O O O O O O O O O O O O O O O O O O O O O O O O O O O O B-IDENTIFICACAO_OCORRENCIA O O O O O O B-PROCESSO O O B-MODALIDADE_LICITACAO O B-NUM_LICITACAO O B-IDENTIFICACAO_OCORRENCIA O O O O O O O O O O O O O O O O O O O O O O O O O O O O O O O O O O O O O O B-NOME_RESPONSAVEL I-NOME_RESPONSAVEL I-NOME_RESPONSAVEL O O O O O O O O O O O O O O O O O O O B-DATA_ESCRITO I-DATA_ESCRITO I-DATA_ESCRITO I-DATA_ESCRITO I-DATA_ESCRITO O O O O
AVISO_ANUL_REV_LICITACAO,672,"AVISO DE REVOGAÇÃO DE LICITAÇÃO O Presidente da Comissão de Licitação para Compra de Bens, Serviços e Obras, no uso das atribuições que lhe confere a Portaria nº 231/2021 DIRAF, DIRAF, comunica a REVOGAÇÃO do seguinte certame. Processo: 00111-00009348/2019-79 Modalidade/número: Pregão Eletrônico nº 09/2020 REVOGAÇÃO REVOGAÇÃO Tipo: Menor Preço por lote Objeto: Contratação de auditoria médica em serviços de assistência à saúde, avaliação atuarial e consultoria especializada para acompanhamento de contrato de plano de saúde Data/hora de abertura: 30/12/2020, às 10:00 horas",00111-00009348/2019-79,,09/2020,Pregão Eletrônico,,30/12/2020,REVOGAÇÃO,O O B-IDENTIFICACAO_OCORRENCIA O O O O O O O O O O O O O O O O O O O O O O O O O O O O O O O O O O B-IDENTIFICACAO_OCORRENCIA O O O O O O B-PROCESSO O O B-MODALIDADE_LICITACAO I-MODALIDADE_LICITACAO O B-NUM_LICITACAO O B-IDENTIFICACAO_OCORRENCIA O O O O O O O O O O O O O O O O O O O O O O O O O O O O O O O O O O O O B-DATA_ESCRITO O O O O
AVISO_ANUL_REV_LICITACAO,669,"AVISO DE REVOGAÇÃO PREGÃO ELETRÔNICO SRP Nº 02/2021 UASG 926873 O Consórcio Interestadual de Desenvolvimento do Brasil Central, por intermédio da Secretaria Executiva, nos termos do art. 49 da Lei Federal nº 8.666/93, com suas alterações legais, torna público o aviso de Revogação do Pregão Eletrônico SRP n° 02/2021, da Licitação no Processo Administrativo Licitatório nº 20201607000083, cujo o objeto é o registro de preços para futura e eventual contratação de empresa especializada no fornecimento de Equipamento de Proteção Individual EPIs necessários para o atendimento pelos profissionais de saúde aos pacientes diagnosticados e em tratamento decorrente da infecção pelo novo coronavírus (SARS-CoV-2), em apoio aos Entes integrantes do Consórcio Interestadual de Desenvolvimento do Brasil Central BrC BrC (Distrito Federal, Mato Grosso, Mato Grosso do Sul e Tocantins). MARCUS VINICIUS BRITTO Secretário Executivo",20201607000083,Consórcio Interestadual de Desenvolvimento do Brasil Central BrC BrC,02/2021,Pregão Eletrônico,MARCUS VINICIUS BRITTO,,Revogação,O O O O O O O B-NUM_LICITACAO O O O B-ORGAO_LICITANTE I-ORGAO_LICITANTE I-ORGAO_LICITANTE I-ORGAO_LICITANTE I-ORGAO_LICITANTE I-ORGAO_LICITANTE I-ORGAO_LICITANTE O O O O O O O O O O O O O O O O O O O O O O O O O O O O O B-IDENTIFICACAO_OCORRENCIA O B-MODALIDADE_LICITACAO I-MODALIDADE_LICITACAO O O B-NUM_LICITACAO O O O O O O O O B-PROCESSO O O O O O O O O O O O O O O O O O O O O O O O O O O O O O O O O O O O O O O O O O O O O O O O O O O O O O O O B-ORGAO_LICITANTE I-ORGAO_LICITANTE I-ORGAO_LICITANTE I-ORGAO_LICITANTE I-ORGAO_LICITANTE I-ORGAO_LICITANTE I-ORGAO_LICITANTE I-ORGAO_LICITANTE I-ORGAO_LICITANTE O O O O O O O O O O O O O O O B-NOME_RESPONSAVEL I-NOME_RESPONSAVEL I-NOME_RESPONSAVEL O O
AVISO_ANUL_REV_LICITACAO,667,"AVISO DE ANULAÇÃO PREGÃO ELETRÔNICO Nº 12/2021 METRÔ-DF UASG 925046 O METRÔ-DF, por meio do Pregoeiro, comunica a anulação do mencionado pregão eletrônico, cujo objeto trata do Registro de Preços para eventual contratação de empresa para fornecimento e instalação de cerca (grade) de vedação e concertina ao longo da via permanente, em locais de vulnerabilidade, da Companhia do Metropolitano do Distrito Federal METRÔ-DF METRÔ-DF e Companhia Urbanizadora da Nova Capital do Brasil NOVACAP, visto ter sido constatada a inviabilidade do julgamento das propostas pelo Metrô-DF, visto ter ocorrido equívoco no cadastramento da licitação no sistema Comprasnet em relação à disposição do item 11.5.1 do Edital. É garantido aos interessados a contestação do presente ato, no prazo de até cinco dias úteis a contar desta publicação. Transcorrido o prazo concedido e não havendo manifestação em contrário, o ato de anulação restará efetivado. Fica assegurado vista aos autos do processo 0009700011722/2020-29, mediante solicitação pelo e-mail: licitacao@metro.df.gov.br. DIEGO MONDINI DE SOUZA Pregoeiro",0009700011722/2020-29,Companhia do Metropolitano do Distrito Federal METRÔ-DF METRÔ-DF,12/2021,PREGÃO ELETRÔNICO,DIEGO MONDINI DE SOUZA,,anulação,O O O B-MODALIDADE_LICITACAO I-MODALIDADE_LICITACAO O B-NUM_LICITACAO O O O O O O O O O O O O O B-IDENTIFICACAO_OCORRENCIA O O O O O O O O O O O O O O O O O O O O O O O O O O O O O O O O O O O O O O O O O O B-ORGAO_LICITANTE I-ORGAO_LICITANTE I-ORGAO_LICITANTE I-ORGAO_LICITANTE I-ORGAO_LICITANTE I-ORGAO_LICITANTE I-ORGAO_LICITANTE I-ORGAO_LICITANTE O B-ORGAO_LICITANTE O O O O O O O O O O O O O O O O O O O O O O O O O O O O O O O O O O O O O O O O O O O O O O O O O O O O O O O O O O O O O O O O O O O O O O O O O O O O O O B-IDENTIFICACAO_OCORRENCIA O O O O O O O O O O B-PROCESSO O O O O O O O O O O B-NOME_RESPONSAVEL I-NOME_RESPONSAVEL I-NOME_RESPONSAVEL I-NOME_RESPONSAVEL O
AVISO_ANUL_REV_LICITACAO,667,"AVISO DE REVOGAÇÃO DE LICITAÇÃO A Caesb torna público que a Licitação Fechada LF LF 003/2021-Caesb, processo 092.003265/2021, cujo objeto é a implantação do reservatório apoiado RAP.ALG.001, constituído de uma câmara de 6.000m³, fabricado em chapa de aço revestidas em epóxi, aparafusado, a ser implantado em Águas Lindas de Goiás GO GO foi REVOGADA por conveniência administrativa, conforme despacho GABDE (0357317). Mais informações, acesse o site da Caesb (https://www.caesb.df.gov.br/licitacoes2/modalidadeslicitacao.html) e ComprasNet (http://comprasnet.gov.br/Livre/RDC/rdcEletronico.asp) SILVIO SANTOS GONÇALVES SOARES Pregoeiro",092.003265/2021,Caesb,003/2021-Caesb,Licitação Fechada,SILVIO SANTOS GONÇALVES SOARES,,REVOGADA,O O O O O O B-ORGAO_LICITANTE O O O O B-MODALIDADE_LICITACAO I-MODALIDADE_LICITACAO O O B-NUM_LICITACAO O O B-PROCESSO O O O O O O O O O O O O O O O O O O O O O O O O O O O O O O O O O O O O O O O O B-IDENTIFICACAO_OCORRENCIA O O O O O O O O O O O O O O O O O O B-ORGAO_LICITANTE O O O O O O O O O O O O B-NOME_RESPONSAVEL I-NOME_RESPONSAVEL I-NOME_RESPONSAVEL I-NOME_RESPONSAVEL O
AVISO_ANUL_REV_LICITACAO,639,"AVISO DE ANULAÇÃO DE LICITAÇÃO CONCORRÊNCIA N° 03/2022 O Jardim Botânico de Brasília, comunica aos interessados que a licitação referente à modalidade Concorrência nº 03/2022, tipo maior oferta, empreitada por Preço Global, modalidade: Concorrência, objetivando a Concessão de Uso de Bem Público do Distrito Federal no espaço denominado Quiosque 1 , localizado na Praça de Alimentação do Jardim Botânico de Brasília, na Alameda das Nações, situado na Área Especial SMDB, Estação Ecológica Jardim Botânico de Brasília, Lago Sul Brasília, Brasília, Distrito Federal, com a finalidade específica de exploração, por uma única empresa, de serviços de lanchonete, para fornecimento de lanches e bebidas em geral, excetuando-se hamburguerias, por esta ser objeto de concessão do ""Quiosque 3"", com edificação da área aproximada de 28,84 m² (vinte e oito e oitenta e quatro metros quadrados) somada à área comum, totalizando, aproximadamente, 60 m² (sessenta metros quadrados), por conta e risco do futuro Concessionário, foi anulado a partir da data dessa publicação, com fundamento no Art. 49 da Lei nº 8.666/93, justificativa fundamentada e apensada ao presente processo licitatório. Quaisquer dúvidas poderão ser esclarecidas junto a Comissão de Licitação no Prédio da Superintendência de Administração Geral-SUAG/JBB, localizada na Área Especial SMDB Estação Ecológica Jardim Botânico de Brasília/Lago Sul, Brasília/DF. Brasília/DF, 24 de fevereiro de 2022 ALINE DE PIERI Diretora-Executiva",,Jardim Botânico de Brasília,03/2022,Concorrência,ALINE DE PIERI,24 de fevereiro de 2022,anulado,O O O O O O O B-NUM_LICITACAO O B-ORGAO_LICITANTE I-ORGAO_LICITANTE I-ORGAO_LICITANTE I-ORGAO_LICITANTE O O O O O O O O O O B-MODALIDADE_LICITACAO O B-NUM_LICITACAO O O O O O O O O O O O O B-MODALIDADE_LICITACAO O O O O O O O O O O O O O O O O O O O O O O O O B-ORGAO_LICITANTE I-ORGAO_LICITANTE I-ORGAO_LICITANTE I-ORGAO_LICITANTE O O O O O O O O O O O O O O B-ORGAO_LICITANTE I-ORGAO_LICITANTE I-ORGAO_LICITANTE I-ORGAO_LICITANTE O O O O O O O O O O O O O O O O O O O O O O O O O O O O O O O O O O O O O O O O O O O O O O O O O O O O O O O O O O O O O O O O O O O O O O O O O O O O O O O O O O O O O O O O O O O O O O O O B-IDENTIFICACAO_OCORRENCIA O O O O O O O O O O O O O O O O O O O O O O O O O O O O O O O O O O O O O O O O O O O O O O O O O O O O B-ORGAO_LICITANTE I-ORGAO_LICITANTE I-ORGAO_LICITANTE O O O O O O O B-DATA_ESCRITO I-DATA_ESCRITO I-DATA_ESCRITO I-DATA_ESCRITO I-DATA_ESCRITO B-NOME_RESPONSAVEL I-NOME_RESPONSAVEL I-NOME_RESPONSAVEL O
AVISO_ANUL_REV_LICITACAO,666,"AVISO DE REVOGAÇÃO DE LICITAÇÃO A Caesb torna público que o Pregão Eletrônico PE nº 126/2021, processo 00020270/202183, objeto: aquisição de componentes de equipamentos elétricos e eletrônicos (abraçadeira, anilha, cabo, canaleta, disjuntor, fio, lâmpada, refletor e outros), foi revogado por razões administrativas. ELIZABETH DUARTE ALVES Pregoeira",00020270/202183,Caesb,126/2021,Pregão Eletrônico,ELIZABETH DUARTE ALVES,,revogado,O O O O O O B-ORGAO_LICITANTE O O O O B-MODALIDADE_LICITACAO I-MODALIDADE_LICITACAO O O B-NUM_LICITACAO O O B-PROCESSO O O O O O O O O O O O O O O O O O O O O O O O O O O O O O O O O B-IDENTIFICACAO_OCORRENCIA O O O O B-NOME_RESPONSAVEL I-NOME_RESPONSAVEL I-NOME_RESPONSAVEL O
AVISO_ANUL_REV_LICITACAO,665,"AVISO DE REVOGAÇÃO PREGÃO ELETRÔNICO Nº 190/2021 UASG UASG 926119 A Pregoeira da Central de Compras torna pública a REVOGAÇÃO, pela autoridade competente, da licitação supracitada, cujo objeto é Aquisição de Mobiliários: MESA DE CABECEIRA e MESA DE REFEIÇÕES. O certame será substituído pelo Pregão Eletrônico SES-DF n° 216/2021. LÍNEA CAROLINE DA SILVA LIMA",,,190/2021,PREGÃO ELETRÔNICO,LÍNEA CAROLINE DA SILVA LIMA,,REVOGAÇÃO,O O B-IDENTIFICACAO_OCORRENCIA O O O B-NUM_LICITACAO O O O O O O O O O O O O B-IDENTIFICACAO_OCORRENCIA O O O O O O O O O O O O O O O O O O O O O O O O O O O O O O O O O O O B-NOME_RESPONSAVEL I-NOME_RESPONSAVEL I-NOME_RESPONSAVEL I-NOME_RESPONSAVEL I-NOME_RESPONSAVEL
AVISO_ANUL_REV_LICITACAO,665,"AVISO DE LICITAÇÃO PREGÃO ELETRÔNICO N° 30/2021 UASG UASG 974002 A Pregoeira da Subsecretaria de Compras Governamentais, em atendimento a Decisão nº 2265/2021 do Tribunal de Contas do Distrito Federal, comunica a anulação da fase posterior à abertura da sessão do Pregão Eletrônico nº 30/2021 SCG/SPLAN/SEEC. SCG/SPLAN/SEEC. Informamos que serão feitas as devidas alterações para a continuidade dos procedimentos. Processo 0004000023083/2020-18. Os autos ficam com vistas franqueadas aos interessados, nesta Secretaria de Estado de Economia do DF, no endereço eletrônico www.comprasgovernamentais.gov.br ou pelo e-mail: pregoeirosulog05@economia.df.gov.br. Brasília/DF, 18 de junho de 2021 KARLA REGINA DA SILVA ROCHA",0004000023083/2020-18,Secretaria de Estado de Economia do DF,30/2021,Pregão Eletrônico,KARLA REGINA DA SILVA ROCHA,18 de junho de 2021,anulação,O O O O O O B-NUM_LICITACAO O O O O O O O O O O O O O O O O O O O O O O O O O O O B-IDENTIFICACAO_OCORRENCIA O O O O O O O O B-MODALIDADE_LICITACAO I-MODALIDADE_LICITACAO O B-NUM_LICITACAO O O O O O O O O O O O O O O O O O O B-PROCESSO O O O O O O O O O O O B-ORGAO_LICITANTE I-ORGAO_LICITANTE I-ORGAO_LICITANTE I-ORGAO_LICITANTE I-ORGAO_LICITANTE I-ORGAO_LICITANTE I-ORGAO_LICITANTE O O O O O O O O O O O O O O O B-DATA_ESCRITO I-DATA_ESCRITO I-DATA_ESCRITO I-DATA_ESCRITO I-DATA_ESCRITO B-NOME_RESPONSAVEL I-NOME_RESPONSAVEL I-NOME_RESPONSAVEL I-NOME_RESPONSAVEL I-NOME_RESPONSAVEL
AVISO_ANUL_REV_LICITACAO,665,"AVISO DE REVOGAÇÃO PREGÃO ELETRÔNICO Nº 06/2020 A SUBSECRETÁRIA DE ADMINISTRAÇÃO GERAL, DA SECRETARIA DE ESTADO DE DESENVOLVIMENTO URBANO E HABITAÇÃO DO DISTRITO FEDERAL, torna público aos interessados, que o procedimento licitatório para Contratação de empresa especializada para prestação de serviços deseguro total automotivo, com cobertura contra danos materiais resultantes de sinistros de roubo ou furto, colisão, incêndio, danos causados pela natureza e assistência 24 horas, para 11 (onze) veículos pertencentes à frota desta Secretaria de Estado, conforme especificações e quantitativos constantes no Anexo I do Edital, restou REVOGADO, nos termos do processo 00390-00001558/2020-08 e decisão prolatada com fundamentação no Art. 49, caput, assegurado o decurso de prazo, previsto no art. 109, Inciso I, alínea ""c"", da Lei Federal n° 8.666/1993. ADRIANA ROSA SAVITE COORDENAÇÃO DE LICITAÇÃO",00390-00001558/2020-08,SECRETARIA DE ESTADO DE DESENVOLVIMENTO URBANO E HABITAÇÃO DO DISTRITO FEDERAL,06/2020,PREGÃO ELETRÔNICO,ADRIANA ROSA SAVITE,,REVOGADO,O O O B-MODALIDADE_LICITACAO I-MODALIDADE_LICITACAO O B-NUM_LICITACAO O O O O O O O B-ORGAO_LICITANTE I-ORGAO_LICITANTE I-ORGAO_LICITANTE I-ORGAO_LICITANTE I-ORGAO_LICITANTE I-ORGAO_LICITANTE I-ORGAO_LICITANTE I-ORGAO_LICITANTE I-ORGAO_LICITANTE I-ORGAO_LICITANTE I-ORGAO_LICITANTE O O O O O O O O O O O O O O O O O O O O O O O O O O O O O O O O O O O O O O O O O O O O O O O O O O O O O O O O O O O O O O O O O O O O O O O O O O O B-IDENTIFICACAO_OCORRENCIA O O O O O B-PROCESSO O O O O O O O O O O O O O O O O O O O O O O O O O O O O O O O O O O O O O O B-NOME_RESPONSAVEL I-NOME_RESPONSAVEL I-NOME_RESPONSAVEL O O O
AVISO_ANUL_REV_LICITACAO,670,"AVISO DE REVOGAÇÃO PREGÃO ELETRÔNICO Nº 190/2021 UASG UASG 926119 (*) A Pregoeira da Central de Compras torna pública a REVOGAÇÃO, pela autoridade competente, da licitação supracitada, cujo objeto é Aquisição de Mobiliários: MESA DE CABECEIRA e MESA DE REFEIÇÕES. O certame será substituído pelo Pregão Eletrônico SES-DF n° 220/2021. LÍNEA CAROLINE DA SILVA LIMA ____________________ (*) Republicado por ter sido encaminhado com incorreção no original, publicado no DODF n° 125, de 06 de julho de 2021, página 33.",,,190/2021,PREGÃO ELETRÔNICO,LÍNEA CAROLINE DA SILVA LIMA,06 de julho de 2021,REVOGAÇÃO,O O B-IDENTIFICACAO_OCORRENCIA O O O B-NUM_LICITACAO O O O O O O O O O O O O O O O B-IDENTIFICACAO_OCORRENCIA O O O O O O O O O O O O O O O O O O O O O O O O O O O O O O O O O O O B-NOME_RESPONSAVEL I-NOME_RESPONSAVEL I-NOME_RESPONSAVEL I-NOME_RESPONSAVEL I-NOME_RESPONSAVEL O O O O O O O O O O O O O O O O O O O O O B-DATA_ESCRITO I-DATA_ESCRITO I-DATA_ESCRITO I-DATA_ESCRITO I-DATA_ESCRITO O O O O
AVISO_ANUL_REV_LICITACAO,670,"AVISO DE REVOGAÇÃO DE LICITAÇÃO Nº 06/2021 UASG UASG 926334 A Fundação Hemocentro de Brasília torna pública com fundamento no art. 49, caput da Lei nº 8.666/1993 e justificativa que consta nos autos do processo 00063-00002703/202026, a revogação do Pregão Eletrônico nº 06/2021, cujo o objeto é a contratação de empresa especializada na prestação de serviços de CERTIFICAÇÃO de sistemas de gestão, em conformidade com a Norma ABNT NBR ISO 9001:2015 Sistemas de Gestão da Qualidade Requisitos para atender às necessidades da Fundação Hemocentro de Brasília, por se tratar de medida que melhor atende ao interesse público. Mais informações, assim como a íntegra da decisão podem ser solicitadas pelo e-mail licitacao@fhb.df.gov.br, bem como consulta pública nos autos do processo administrativo 00063-00002703/2020-26. HENRIQUE SANJIRO YUZUKI FARIAS Chefe",00063-00002703/2020-26,Fundação Hemocentro de Brasília,06/2021,Pregão Eletrônico,HENRIQUE SANJIRO YUZUKI FARIAS,,revogação,O O O O O O B-NUM_LICITACAO O O O O B-ORGAO_LICITANTE I-ORGAO_LICITANTE I-ORGAO_LICITANTE I-ORGAO_LICITANTE O O O O O O O O O O O O O O O O O O O O O O O O O B-IDENTIFICACAO_OCORRENCIA O B-MODALIDADE_LICITACAO I-MODALIDADE_LICITACAO O B-NUM_LICITACAO O O O O O O O O O O O O O O O O O O O O O O O O O O O O O O O O O O O O O O O O O B-ORGAO_LICITANTE I-ORGAO_LICITANTE I-ORGAO_LICITANTE I-ORGAO_LICITANTE O O O O O O O O O O O O O O O O O O O O O O O O O O O O O O O O O O O O O O O O B-PROCESSO O B-NOME_RESPONSAVEL I-NOME_RESPONSAVEL I-NOME_RESPONSAVEL I-NOME_RESPONSAVEL O
AVISO_ANUL_REV_LICITACAO,668,"AVISO DE LICITAÇÃO PREGÃO ELETRÔNICO Nº 45/2021 UASG UASG 974002 O pregoeiro comunica aos interessados que o PE nº 45/2021, cujo objeto é o registro de preço para eventual contratação de Solução de Qualificação e Apoio à Recuperação de Débitos com base de dados própria, suporte presencial e remoto, teve sua fase externa anulada por inconsistência no edital, com fulcro no art. 49 da Lei Federal nº 8.666/93 e enunciado 473 do STF e Despacho-SEEC/SPLAN/SCG-SEI ID Nº 64438709, acolhido pela autoridade competente. Processo 00040-00017136/2020-61. Comunica ainda, que após os devidos ajustes será publicado novo edital com nova numeração. Informações no site: www.comprasgovernamentais.gov.br e pelo e-mail: pregoeirosulog14@economia.df.gov.br. Brasília/DF, 25 de junho de 2021 EDMAR FIRMINO LIMA",00040-00017136/2020-61,,45/2021,PREGÃO ELETRÔNICO,EDMAR FIRMINO LIMA,25 de junho de 2021,anulada,O O O B-MODALIDADE_LICITACAO I-MODALIDADE_LICITACAO O B-NUM_LICITACAO O O O O O O O O O O O O B-NUM_LICITACAO O O O O O O O O O O O O O O O O O O O O O O O O O O O O O O O O O O O O B-IDENTIFICACAO_OCORRENCIA O O O O O O O O O O O O O O O O O O O O O O O O O O O O O O O O O B-PROCESSO O O O O O O O O O O O O O O O O O O O O O O O O O O O O O O O O B-DATA_ESCRITO I-DATA_ESCRITO I-DATA_ESCRITO I-DATA_ESCRITO I-DATA_ESCRITO B-NOME_RESPONSAVEL I-NOME_RESPONSAVEL I-NOME_RESPONSAVEL
AVISO_ANUL_REV_LICITACAO,668,"AVISO DE REVOGAÇÃO PREGÃO ELETRÔNICO POR SRP Nº 318/2017 UASG UASG 926119 A Pregoeira da Central de Compras torna público aos interessados que o procedimento licitatório para Contratação de empresa especializada para prestação de serviço de Central de Atendimento com fornecimento, instalação, configuração, customização, suporte técnico e manutenção de solução sistêmica integrada de comunicação de voz, dados, imagens, armazenamento e monitoramento remoto, rádio comunicação, composta de recursos completos para sua operação, inclusive adequações físicas, infraestrutura lógica e elétrica, estações de trabalho, pessoal, equipamentos e softwares de modo a atender a necessidade de integração dos serviços de comunicação do Serviço de Atendimento Móvel de Urgência SAMU/DF, conforme especificações e quantitativos constantes no Anexo I do Edital, (Processo: 00060.00025673/2017-13), restou REVOGADO pela autoridade competente, nos termos do art. 49 da Lei nº 8.666 de 1993. JULIANA ARAÚJO E SOUZA",00060.00025673/2017-13,,318/2017,PREGÃO ELETRÔNICO,JULIANA ARAÚJO E SOUZA,,REVOGADO,O O O B-MODALIDADE_LICITACAO I-MODALIDADE_LICITACAO O O O B-NUM_LICITACAO O O O O O O O O O O O O O O O O O O O O O O O O O O O O O O O O O O O O O O O O O O O O O O O O O O O O O O O O O O O O O O O O O O O O O O O O O O O O O O O O O O O O O O O O O O O O O O O O O O O O O O O O O O O O O O O O O O O O O O O O O O O O O B-PROCESSO O O O B-IDENTIFICACAO_OCORRENCIA O O O O O O O O O O O O O O O O O B-NOME_RESPONSAVEL I-NOME_RESPONSAVEL I-NOME_RESPONSAVEL I-NOME_RESPONSAVEL
AVISO_ANUL_REV_LICITACAO,668,"AVISO DE REVOGAÇÃO PREGÃO ELETRÔNICO Nº 317/2020 UASG UASG 926119 A Pregoeira da Central de Compras torna público aos interessados que o procedimento licitatório referente à contratação de empresa especializada para a Operação Logística da Cadeia de Suprimentos e da Cadeia de Frio, abrangendo as atividades de Recebimento, Conferência, Armazenamento, Separação, Fracionamento, Expedição, Rastreabilidade, Transporte, Distribuição e Logística Reversa de Medicamentos, Órteses, Próteses e Materiais Especiais, Materiais Médico-Hospitalares, Laboratoriais, Odontológicos, de Expediente, Imunobiológicos, dentre outros produtos, incluindo recurso humanos, tecnológicos e operacionais, conforme condições, quantidades e exigências estabelecidas no Anexo I do Edital. (Processo Eletrônico: 00060-00384658/2019-68), restou REVOGADO pela Autoridade Competente, nos termos do art. 49 da Lei 8.666/93. CERIZE HELENA SOUZA SALES",00060-00384658/2019-68,,317/2020,PREGÃO ELETRÔNICO,CERIZE HELENA SOUZA SALES,,REVOGADO,O O O B-MODALIDADE_LICITACAO I-MODALIDADE_LICITACAO O B-NUM_LICITACAO O O O O O O O O O O O O O O O O O O O O O O O O O O O O O O O O O O O O O O O O O O O O O O O O O O O O O O O O O O O O O O O O O O O O O O O O O O O O O O O O O O O O O O O O O O O O O O O O O O O O O O O O O O O O O O O O B-PROCESSO O O O B-IDENTIFICACAO_OCORRENCIA O O O O O O O O O O O O O O B-NOME_RESPONSAVEL I-NOME_RESPONSAVEL I-NOME_RESPONSAVEL I-NOME_RESPONSAVEL
AVISO_ANUL_REV_LICITACAO,638,"AVISO DE REVOGAÇÃO DE LICITAÇÃO A Caesb torna público que a Licitação Fechada LF nº 01/2020, processo 092.005499/2019, objeto: Execução das obras de implantação da Adutora de Água Bruta do Sistema Paranoá Sul 1ª Etapa, realizada no site: www.comprasnet.gov.br (UASG: 974200), foi revogada por razões administrativas. EDSON MIRANDA BEZERRA Pregoeiro",092.005499/2019,Caesb,01/2020,Licitação Fechada,EDSON MIRANDA BEZERRA,,revogada,O O O O O O B-ORGAO_LICITANTE O O O O B-MODALIDADE_LICITACAO I-MODALIDADE_LICITACAO O O B-NUM_LICITACAO O O B-PROCESSO O O O O O O O O O O O O O O O O O O O O O O O O O O O O O O O O B-IDENTIFICACAO_OCORRENCIA O O O O B-NOME_RESPONSAVEL I-NOME_RESPONSAVEL I-NOME_RESPONSAVEL O
